SG_UF,SG_PARTIDO,NM_PARTIDO,NM_FORNECEDOR,DT_PAGAMENTO,VR_GASTO,DS_GASTO_CONCAT
AC,REPUBLICANOS,REPUBLICANOS,GILCEMAR LEITE DOS SANTOS - ME,2018-06-19,123100,MATERIAL DE CONSUMO - MATERIAIS IMPRESSOS - ORDINÁRIAS
AC,REPUBLICANOS,REPUBLICANOS,GILCEMAR LEITE DOS SANTOS - ME,2018-07-11,97750,MATERIAL DE CONSUMO - MATERIAIS IMPRESSOS - ORDINÁRIAS
AC,REPUBLICANOS,REPUBLICANOS,LIMA E OLIVEIRA SERVIÇOS LTDA,2018-07-11,81633,"MANUTENÇÃO, CONSERVAÇÃO E REPAROS DE BENS - ORDINÁRIAS"
AC,REPUBLICANOS,REPUBLICANOS,GILCEMAR LEITE DOS SANTOS - ME,2018-06-19,56000,MATERIAL DE CONSUMO - MATERIAIS IMPRESSOS - MULHERES
AC,MDB,MOVIMENTO DEMOCRÁTICO BRASILEIRO,F. FAÇANHA DE ALMEIDA,2018-07-26,40000,PESQUISAS E TESTES DE OPINIÃO PÚBLICA - ORDINÁRIAS
AC,MDB,MOVIMENTO DEMOCRÁTICO BRASILEIRO,F. FAÇANHA DE ALMEIDA,2018-04-04,37500,PESQUISAS E TESTES DE OPINIÃO PÚBLICA - ORDINÁRIAS
AC,MDB,MOVIMENTO DEMOCRÁTICO BRASILEIRO,"IDEIAS ESTRATEGIA, PLANEJAMENTO E PROJETO AIRLI",2018-08-01,32500,PESQUISAS E TESTES DE OPINIÃO PÚBLICA - ORDINÁRIAS
AC,REPUBLICANOS,REPUBLICANOS,GILCEMAR LEITE DOS SANTOS - ME,2018-11-16,30754.2,OUTRAS DESPESAS COM PROPAGANDA DOUTRINÁRIA E POLÍTICA - MULHERES
AC,PSD,PARTIDO SOCIAL DEMOCRÁTICO,W X D ÁVILA LUCENA,2018-07-26,30680,OUTRAS DESPESAS COM PROPAGANDA DOUTRINÁRIA E POLÍTICA - ORDINÁRIAS
AC,MDB,MOVIMENTO DEMOCRÁTICO BRASILEIRO,SERGIO PORCIANO LOBÃO JUNIOR,2018-09-13,30000,SERVIÇOS TÉCNICO-PROFISSIONAIS - SERVIÇOS CONTÁBEIS - ORDINÁRIAS
AL,PL,PARTIDO LIBERAL,CIPEC CENTRO INTEGRADO DE PESQUISA E COMUNICAÇÃO LTDA,2018-09-26,100000,PESQUISAS E TESTES DE OPINIÃO PÚBLICA - ORDINÁRIAS
AL,PSDB,PARTIDO DA SOCIAL DEMOCRACIA BRASILEIRA,Direção Municipal/Comissão Provisória - PSDB - MACEIÓ - AL,2018-07-17,93452.63,TRANSFERÊNCIAS FINANCEIRAS EFETUADAS - FUNDO PARTIDÁRIO - DIREÇÃO MUNICIPAL - ORDINÁRIAS
AL,PSDB,PARTIDO DA SOCIAL DEMOCRACIA BRASILEIRA,Direção Municipal/Comissão Provisória - PSDB - MACEIÓ - AL,2018-04-05,70000,TRANSFERÊNCIAS FINANCEIRAS EFETUADAS - FUNDO PARTIDÁRIO - DIREÇÃO MUNICIPAL - ORDINÁRIAS
AL,PSDB,PARTIDO DA SOCIAL DEMOCRACIA BRASILEIRA,Direção Municipal/Comissão Provisória - PSDB - MACEIÓ - AL,2018-02-05,65000,TRANSFERÊNCIAS FINANCEIRAS EFETUADAS - FUNDO PARTIDÁRIO - DIREÇÃO MUNICIPAL - ORDINÁRIAS
AL,PSD,PARTIDO SOCIAL DEMOCRÁTICO,J FERREIRA DAS CHAGAS COMERCIO DE MATERIAL DE CONSTRUCAO EIRELI,2018-12-13,57789.39,"MANUTENÇÃO, CONSERVAÇÃO E REPAROS DE BENS - ORDINÁRIAS"
AL,PSDB,PARTIDO DA SOCIAL DEMOCRACIA BRASILEIRA,GUIMARÃES PESQUISAS E CONSULTORIA LTDA,2018-06-14,56000,PESQUISAS E TESTES DE OPINIÃO PÚBLICA - ORDINÁRIAS
AL,PP,PROGRESSISTAS,SICAD,2018-06-30,53000,DESPESAS JUDICIAIS - ORDINÁRIAS
AL,MDB,MOVIMENTO DEMOCRÁTICO BRASILEIRO,IBRAPE PESQUISA LTDA,2018-08-13,50000,PESQUISAS E TESTES DE OPINIÃO PÚBLICA - ORDINÁRIAS
AL,MDB,MOVIMENTO DEMOCRÁTICO BRASILEIRO,Direção Estadual/Distrital - PV - ALAGOAS,2018-09-21,50000,TRANSFERÊNCIAS FINANCEIRAS EFETUADAS - FUNDO PARTIDÁRIO - DIREÇÃO ESTADUAL - ORDINÁRIAS
AL,PL,PARTIDO LIBERAL,CIPEC CENTRO INTEGRADO DE PESQUISA E COMUNICAÇÃO LTDA,2018-04-26,47500,PESQUISAS E TESTES DE OPINIÃO PÚBLICA - ORDINÁRIAS
AM,PSD,PARTIDO SOCIAL DEMOCRÁTICO,CAMPUS CENTRO DE ESTUDOS E PESQUISAS DE OPINIAO LTDA,2018-07-06,200000,PROPAGANDA E PUBLICIDADE - ORDINÁRIAS
AM,PODE,PODEMOS,R N P DA SILVA - ME,2018-05-08,120050,MATERIAL DE CONSUMO - MATERIAIS IMPRESSOS - ORDINÁRIAS
AM,DEM,DEMOCRATAS,GRAFICA E EDITORA VITORIA LTDA- ME,2018-10-05,113850,PROPAGANDA E PUBLICIDADE - ORDINÁRIAS
AM,PSDB,PARTIDO DA SOCIAL DEMOCRACIA BRASILEIRA,TORE PRODUCOES DE VIDEOS E FILMES EIRELI,2018-09-21,100000,PRODUÇÃO DE AUDIOVISUAIS - ORDINÁRIAS
AM,PSD,PARTIDO SOCIAL DEMOCRÁTICO,E T C SERVICOS DE MARKETING E PUBLICIDADE EIRELI,2018-08-14,79725,PROPAGANDA E PUBLICIDADE - ORDINÁRIAS
AM,PSD,PARTIDO SOCIAL DEMOCRÁTICO,E T C SERVICOS DE MARKETING E PUBLICIDADE EIRELI,2018-08-03,70000,PROPAGANDA E PUBLICIDADE - ORDINÁRIAS
AM,PSDB,PARTIDO DA SOCIAL DEMOCRACIA BRASILEIRA,MARCA BRASIL COMERCIO E SERVICOS GRAFICOS LTDA,2018-09-24,70000,MATERIAL DE CONSUMO - MATERIAIS IMPRESSOS - ORDINÁRIAS
AM,MDB,MOVIMENTO DEMOCRÁTICO BRASILEIRO,W A MAGALHAES MELLO- EPP,2018-10-03,66300,PROPAGANDA E PUBLICIDADE - MULHERES
AM,PSDB,PARTIDO DA SOCIAL DEMOCRACIA BRASILEIRA,KRIS KRISTOFFERSON GOUVEA GOMES,2018-12-04,66000,ALUGUÉIS E CONDOMÍNIOS - LOCAÇÃO DE BENS IMÓVEIS - ORDINÁRIAS
AM,PSDB,PARTIDO DA SOCIAL DEMOCRACIA BRASILEIRA,BRASIL DIGITAL LTDA EPP,2018-12-05,56000,OUTRAS DESPESAS GERAIS - ORDINÁRIAS
AP,PSOL,PARTIDO SOCIALISMO E LIBERDADE,E. VIEGAS FERREIRA EIRELI,2018-03-01,70000,ALUGUÉIS E CONDOMÍNIOS - LOCAÇÃO DE BENS MÓVEIS - ORDINÁRIAS
AP,PROS,PARTIDO REPUBLICANO DA ORDEM SOCIAL,ETICA TURISMO VIAGENS RECEPTIVOS LTDA- ME,2018-06-29,69960.3,TRANSPORTES E VIAGENS - PASSAGENS AÉREAS - ORDINÁRIAS
AP,PL,PARTIDO LIBERAL,WALDENES BARBOSA ADVOGADOS S/S,2018-12-27,35000,DESPESAS JUDICIAIS - ORDINÁRIAS
AP,PSB,PARTIDO SOCIALISTA BRASILEIRO,R. F. M E SILVA ME,2018-05-17,31541.72,PESQUISAS E TESTES DE OPINIÃO PÚBLICA - ORDINÁRIAS
AP,PL,PARTIDO LIBERAL,D B PARTICIPAÇOES LTDA - ME,2018-01-05,30000,ALUGUÉIS E CONDOMÍNIOS - LOCAÇÃO DE BENS IMÓVEIS - ORDINÁRIAS
AP,PROS,PARTIDO REPUBLICANO DA ORDEM SOCIAL,J. M. AMARAL -ME,2018-07-30,30000,PESQUISAS E TESTES DE OPINIÃO PÚBLICA - ORDINÁRIAS
AP,PTB,PARTIDO TRABALHISTA BRASILEIRO,INSTITUTO PARANA DE PESQUISAS E ANALISE DE CONSUMIDOR LTDA EPP,2018-07-11,30000,PESQUISAS E TESTES DE OPINIÃO PÚBLICA - ORDINÁRIAS
AP,PTB,PARTIDO TRABALHISTA BRASILEIRO,INSTITUTO PARANA DE PESQUISAS E ANALISE DE CONSUMIDOR LTDA EPP,2018-06-06,30000,PESQUISAS E TESTES DE OPINIÃO PÚBLICA - ORDINÁRIAS
AP,PSOL,PARTIDO SOCIALISMO E LIBERDADE,MINISTERIO DA ECONOMIA,2018-12-03,26930.51,TRIBUTOS - OUTROS TRIBUTOS - ORDINÁRIAS
AP,PP,PROGRESSISTAS,BANCO DO BRASIL,2018-06-19,26220.17,DEPÓSITOS RESTITUÍVEIS E VALORES VINCULADOS - DEPÓSITOS JUDICIAIS
BA,PATRI,PATRIOTA,INFORMATICA EMP IMOBILIARIOS LTDA,2018-06-30,211144.16,MATERIAL DE CONSUMO - MATERIAIS IMPRESSOS - ORDINÁRIAS
BA,DEM,DEMOCRATAS,ALVINA COMUNICAÇÃO LTDA,2017-12-31,207500,SERVIÇOS TÉCNICO-PROFISSIONAIS - OUTROS SERVIÇOS TÉCNICOS E PROFISSIONAIS - ORDINÁRIAS
BA,REPUBLICANOS,REPUBLICANOS,ADELMO COSME DOS SANTOS,2018-08-30,158343.5,SERVIÇOS TÉCNICO-PROFISSIONAIS - OUTROS SERVIÇOS TÉCNICOS E PROFISSIONAIS - ORDINÁRIAS
BA,PSB,PARTIDO SOCIALISTA BRASILEIRO,FUNDO DO REGIME GERAL DE PREVIDENCIA SOCIAL,2017-12-31,109078.51,PESSOAL - PREVIDÊNCIA SOCIAL - ORDINÁRIAS
BA,DEM,DEMOCRATAS,BIG BANG COMUNICACAO VISUAL LTDA - ME,2018-08-09,95000,PRODUÇÃO DE AUDIOVISUAIS - ORDINÁRIAS
BA,PT,PARTIDO DOS TRABALHADORES,MANUELA SERVICOS GRAFICOS LTDA - ME,2018-01-16,94293.7,"CÓPIAS, ENCADERNAÇÕES E SERVIÇOS SIMILARES - ORDINÁRIAS"
BA,PT,PARTIDO DOS TRABALHADORES,MANUELA SERVICOS GRAFICOS LTDA - ME,2018-03-27,94293.7,"CÓPIAS, ENCADERNAÇÕES E SERVIÇOS SIMILARES - ORDINÁRIAS"
BA,PT,PARTIDO DOS TRABALHADORES,MAXXI LOCACOES DE ESTRUTURA EIRELI - ME,2018-04-03,83202,ALUGUÉIS E CONDOMÍNIOS - LOCAÇÃO DE BENS MÓVEIS - ORDINÁRIAS
BA,REPUBLICANOS,REPUBLICANOS,NOEL DA SILVA VILELA FILHO,2018-08-07,82880,MATERIAL DE CONSUMO - MATERIAIS IMPRESSOS - ORDINÁRIAS
BA,DEM,DEMOCRATAS,BIG BANG COMUNICACAO VISUAL LTDA - ME,2018-08-17,80750,PRODUÇÃO DE AUDIOVISUAIS - ORDINÁRIAS
BR,REPUBLICANOS,REPUBLICANOS,Direção Estadual/Distrital - PRB - SÃO PAULO,2018-09-26,7250600.78,TRANSFERÊNCIAS FINANCEIRAS EFETUADAS - FUNDO PARTIDÁRIO - DIREÇÃO ESTADUAL - ORDINÁRIAS
BR,REPUBLICANOS,REPUBLICANOS,Direção Estadual/Distrital - PRB - SÃO PAULO,2018-09-13,6502445.94,TRANSFERÊNCIAS FINANCEIRAS EFETUADAS - FUNDO PARTIDÁRIO - DIREÇÃO ESTADUAL - ORDINÁRIAS
BR,REPUBLICANOS,REPUBLICANOS,Direção Estadual/Distrital - PRB - SÃO PAULO,2018-08-30,6000000,TRANSFERÊNCIAS FINANCEIRAS EFETUADAS - FUNDO PARTIDÁRIO - DIREÇÃO ESTADUAL - ORDINÁRIAS
BR,PSDB,PARTIDO DA SOCIAL DEMOCRACIA BRASILEIRA,BEACON COMUNICAÇÃO LTDA,2018-09-18,4965859.7,PROPAGANDA E PUBLICIDADE - ORDINÁRIAS
BR,PL,PARTIDO LIBERAL,Direção Estadual/Distrital - PR - SÃO PAULO,2018-08-29,3000000,TRANSFERÊNCIAS FINANCEIRAS EFETUADAS - FUNDO PARTIDÁRIO - DIREÇÃO ESTADUAL - ORDINÁRIAS
BR,PODE,PODEMOS,BRASPOR EDITORA GRAFICA LTDA,2018-10-31,2995612.89,ASSUNÇÃO DE OBRIGAÇÕES - DESPESAS ORDINÁRIAS REALIZADAS POR DIREÇÃO NACIONAL
BR,PTB,PARTIDO TRABALHISTA BRASILEIRO,BANCO DO BRASIL - 504 NORTE,2018-01-26,2338076.1,DEPÓSITOS RESTITUÍVEIS E VALORES VINCULADOS - DEPÓSITOS JUDICIAIS
BR,PSDB,PARTIDO DA SOCIAL DEMOCRACIA BRASILEIRA,COMUNICA4 PROPAGANDA LTDA,2018-07-24,2185333.48,OUTRAS DESPESAS COM PROPAGANDA DOUTRINÁRIA E POLÍTICA - ORDINÁRIAS
BR,PSDB,PARTIDO DA SOCIAL DEMOCRACIA BRASILEIRA,COMUNICA4 PROPAGANDA LTDA,2018-06-22,2024629.3,OUTRAS DESPESAS COM PROPAGANDA DOUTRINÁRIA E POLÍTICA - ORDINÁRIAS
BR,MDB,MOVIMENTO DEMOCRÁTICO BRASILEIRO,Direção Estadual/Distrital - MDB - CEARÁ,2018-08-30,2000000,TRANSFERÊNCIAS FINANCEIRAS EFETUADAS - FUNDO PARTIDÁRIO - DIREÇÃO ESTADUAL - ORDINÁRIAS
BR,PDT,PARTIDO DEMOCRÁTICO TRABALHISTA,PRODUÇÃO E CONSULTORIA MARKETING PUBLICITARIO,2018-08-13,1881000,PROPAGANDA E PUBLICIDADE - ORDINÁRIAS
BR,PSDB,PARTIDO DA SOCIAL DEMOCRACIA BRASILEIRA,COMUNICA4 PROPAGANDA LTDA,2018-05-25,1798784.27,OUTRAS DESPESAS COM PROPAGANDA DOUTRINÁRIA E POLÍTICA - ORDINÁRIAS
BR,MDB,MOVIMENTO DEMOCRÁTICO BRASILEIRO,FUNDAÇÃO ULYSSES GUIMARÃES NACIONAL,2018-08-30,1706314.35,FUNDAÇÃO DE PESQUISA OU DE DOUTRINAÇÃO E EDUCAÇÃO POLÍTICA - FUNDAÇÃO PARTIDÁRIA
BR,PT,PARTIDO DOS TRABALHADORES,FUNDAÇÃO PERSEU ABRAMO,2018-04-27,1685344.55,FUNDAÇÃO DE PESQUISA OU DE DOUTRINAÇÃO E EDUCAÇÃO POLÍTICA - FUNDAÇÃO PARTIDÁRIA
BR,PT,PARTIDO DOS TRABALHADORES,FUNDAÇÃO PERSEU ABRAMO,2018-05-29,1685344.55,FUNDAÇÃO DE PESQUISA OU DE DOUTRINAÇÃO E EDUCAÇÃO POLÍTICA - FUNDAÇÃO PARTIDÁRIA
BR,PT,PARTIDO DOS TRABALHADORES,FUNDAÇÃO PERSEU ABRAMO,2018-06-28,1685344.55,FUNDAÇÃO DE PESQUISA OU DE DOUTRINAÇÃO E EDUCAÇÃO POLÍTICA - FUNDAÇÃO PARTIDÁRIA
BR,PT,PARTIDO DOS TRABALHADORES,FUNDAÇÃO PERSEU ABRAMO,2018-07-30,1685344.55,FUNDAÇÃO DE PESQUISA OU DE DOUTRINAÇÃO E EDUCAÇÃO POLÍTICA - FUNDAÇÃO PARTIDÁRIA
BR,PT,PARTIDO DOS TRABALHADORES,FUNDAÇÃO PERSEU ABRAMO,2018-01-26,1685322.38,FUNDAÇÃO DE PESQUISA OU DE DOUTRINAÇÃO E EDUCAÇÃO POLÍTICA - FUNDAÇÃO PARTIDÁRIA
BR,PT,PARTIDO DOS TRABALHADORES,FUNDAÇÃO PERSEU ABRAMO,2018-02-28,1685322.37,FUNDAÇÃO DE PESQUISA OU DE DOUTRINAÇÃO E EDUCAÇÃO POLÍTICA - FUNDAÇÃO PARTIDÁRIA
BR,PT,PARTIDO DOS TRABALHADORES,FUNDAÇÃO PERSEU ABRAMO,2018-03-23,1685322.37,FUNDAÇÃO DE PESQUISA OU DE DOUTRINAÇÃO E EDUCAÇÃO POLÍTICA - FUNDAÇÃO PARTIDÁRIA
BR,PSDB,PARTIDO DA SOCIAL DEMOCRACIA BRASILEIRA,COMUNICA4 PROPAGANDA LTDA,2018-08-17,1668106.78,PROPAGANDA E PUBLICIDADE - ORDINÁRIAS
BR,PT,PARTIDO DOS TRABALHADORES,FUNDAÇÃO PERSEU ABRAMO,2018-10-30,1666080.53,FUNDAÇÃO DE PESQUISA OU DE DOUTRINAÇÃO E EDUCAÇÃO POLÍTICA - FUNDAÇÃO PARTIDÁRIA
BR,MDB,MOVIMENTO DEMOCRÁTICO BRASILEIRO,FUNDAÇÃO ULYSSES GUIMARÃES NACIONAL,2018-03-01,1659027.01,FUNDAÇÃO DE PESQUISA OU DE DOUTRINAÇÃO E EDUCAÇÃO POLÍTICA - FUNDAÇÃO PARTIDÁRIA
BR,PT,PARTIDO DOS TRABALHADORES,FUNDAÇÃO PERSEU ABRAMO,2018-11-28,1657508.26,FUNDAÇÃO DE PESQUISA OU DE DOUTRINAÇÃO E EDUCAÇÃO POLÍTICA - FUNDAÇÃO PARTIDÁRIA
BR,PT,PARTIDO DOS TRABALHADORES,FUNDAÇÃO PERSEU ABRAMO,2018-08-29,1654882.5,FUNDAÇÃO DE PESQUISA OU DE DOUTRINAÇÃO E EDUCAÇÃO POLÍTICA - FUNDAÇÃO PARTIDÁRIA
BR,PT,PARTIDO DOS TRABALHADORES,FUNDAÇÃO PERSEU ABRAMO,2018-09-25,1654153.94,FUNDAÇÃO DE PESQUISA OU DE DOUTRINAÇÃO E EDUCAÇÃO POLÍTICA - FUNDAÇÃO PARTIDÁRIA
BR,MDB,MOVIMENTO DEMOCRÁTICO BRASILEIRO,FUNDAÇÃO ULYSSES GUIMARÃES NACIONAL,2018-06-29,1643397.81,FUNDAÇÃO DE PESQUISA OU DE DOUTRINAÇÃO E EDUCAÇÃO POLÍTICA - FUNDAÇÃO PARTIDÁRIA
BR,MDB,MOVIMENTO DEMOCRÁTICO BRASILEIRO,FUNDAÇÃO ULYSSES GUIMARÃES NACIONAL,2018-09-27,1640067.89,FUNDAÇÃO DE PESQUISA OU DE DOUTRINAÇÃO E EDUCAÇÃO POLÍTICA - FUNDAÇÃO PARTIDÁRIA
BR,MDB,MOVIMENTO DEMOCRÁTICO BRASILEIRO,FUNDAÇÃO ULYSSES GUIMARÃES NACIONAL,2018-06-04,1619198.2,FUNDAÇÃO DE PESQUISA OU DE DOUTRINAÇÃO E EDUCAÇÃO POLÍTICA - FUNDAÇÃO PARTIDÁRIA
BR,MDB,MOVIMENTO DEMOCRÁTICO BRASILEIRO,FUNDAÇÃO ULYSSES GUIMARÃES NACIONAL,2018-05-03,1561946.17,FUNDAÇÃO DE PESQUISA OU DE DOUTRINAÇÃO E EDUCAÇÃO POLÍTICA - FUNDAÇÃO PARTIDÁRIA
BR,MDB,MOVIMENTO DEMOCRÁTICO BRASILEIRO,FUNDAÇÃO ULYSSES GUIMARÃES NACIONAL,2018-03-23,1543867.79,FUNDAÇÃO DE PESQUISA OU DE DOUTRINAÇÃO E EDUCAÇÃO POLÍTICA - FUNDAÇÃO PARTIDÁRIA
BR,MDB,MOVIMENTO DEMOCRÁTICO BRASILEIRO,FUNDAÇÃO ULYSSES GUIMARÃES NACIONAL,2018-08-01,1540585,FUNDAÇÃO DE PESQUISA OU DE DOUTRINAÇÃO E EDUCAÇÃO POLÍTICA - FUNDAÇÃO PARTIDÁRIA
BR,MDB,MOVIMENTO DEMOCRÁTICO BRASILEIRO,FUNDAÇÃO ULYSSES GUIMARÃES NACIONAL,2018-12-03,1539129.25,FUNDAÇÃO DE PESQUISA OU DE DOUTRINAÇÃO E EDUCAÇÃO POLÍTICA - FUNDAÇÃO PARTIDÁRIA
BR,PSB,PARTIDO SOCIALISTA BRASILEIRO,FUNDAÇÃO JOÃO MANGABEIRA,2018-01-09,1521054.48,FUNDAÇÃO DE PESQUISA OU DE DOUTRINAÇÃO E EDUCAÇÃO POLÍTICA - FUNDAÇÃO PARTIDÁRIA
BR,MDB,MOVIMENTO DEMOCRÁTICO BRASILEIRO,FUNDAÇÃO ULYSSES GUIMARÃES NACIONAL,2018-10-30,1520911.51,FUNDAÇÃO DE PESQUISA OU DE DOUTRINAÇÃO E EDUCAÇÃO POLÍTICA - FUNDAÇÃO PARTIDÁRIA
BR,PSDB,PARTIDO DA SOCIAL DEMOCRACIA BRASILEIRA,INSTITUTO TEOTONIO VILELA,2018-06-29,1425882.08,FUNDAÇÃO DE PESQUISA OU DE DOUTRINAÇÃO E EDUCAÇÃO POLÍTICA - FUNDAÇÃO PARTIDÁRIA
BR,PSDB,PARTIDO DA SOCIAL DEMOCRACIA BRASILEIRA,INSTITUTO TEOTONIO VILELA,2018-04-30,1425882.08,FUNDAÇÃO DE PESQUISA OU DE DOUTRINAÇÃO E EDUCAÇÃO POLÍTICA - FUNDAÇÃO PARTIDÁRIA
BR,PSDB,PARTIDO DA SOCIAL DEMOCRACIA BRASILEIRA,INSTITUTO TEOTONIO VILELA,2018-05-30,1425882.08,FUNDAÇÃO DE PESQUISA OU DE DOUTRINAÇÃO E EDUCAÇÃO POLÍTICA - FUNDAÇÃO PARTIDÁRIA
BR,PSDB,PARTIDO DA SOCIAL DEMOCRACIA BRASILEIRA,INSTITUTO TEOTONIO VILELA,2018-07-31,1425882.08,FUNDAÇÃO DE PESQUISA OU DE DOUTRINAÇÃO E EDUCAÇÃO POLÍTICA - FUNDAÇÃO PARTIDÁRIA
BR,PSDB,PARTIDO DA SOCIAL DEMOCRACIA BRASILEIRA,INSTITUTO TEOTONIO VILELA,2018-08-31,1425882.08,FUNDAÇÃO DE PESQUISA OU DE DOUTRINAÇÃO E EDUCAÇÃO POLÍTICA - FUNDAÇÃO PARTIDÁRIA
BR,PSDB,PARTIDO DA SOCIAL DEMOCRACIA BRASILEIRA,INSTITUTO TEOTONIO VILELA,2018-09-28,1425882.08,FUNDAÇÃO DE PESQUISA OU DE DOUTRINAÇÃO E EDUCAÇÃO POLÍTICA - FUNDAÇÃO PARTIDÁRIA
BR,PSDB,PARTIDO DA SOCIAL DEMOCRACIA BRASILEIRA,INSTITUTO TEOTONIO VILELA,2018-03-01,1423949.03,FUNDAÇÃO DE PESQUISA OU DE DOUTRINAÇÃO E EDUCAÇÃO POLÍTICA - FUNDAÇÃO PARTIDÁRIA
BR,PSDB,PARTIDO DA SOCIAL DEMOCRACIA BRASILEIRA,INSTITUTO TEOTONIO VILELA,2018-03-29,1423949.03,FUNDAÇÃO DE PESQUISA OU DE DOUTRINAÇÃO E EDUCAÇÃO POLÍTICA - FUNDAÇÃO PARTIDÁRIA
BR,PSDB,PARTIDO DA SOCIAL DEMOCRACIA BRASILEIRA,INSTITUTO TEOTONIO VILELA,2018-11-29,1398775.13,FUNDAÇÃO DE PESQUISA OU DE DOUTRINAÇÃO E EDUCAÇÃO POLÍTICA - FUNDAÇÃO PARTIDÁRIA
BR,PSDB,PARTIDO DA SOCIAL DEMOCRACIA BRASILEIRA,INSTITUTO TEOTONIO VILELA,2018-10-31,1391514.38,FUNDAÇÃO DE PESQUISA OU DE DOUTRINAÇÃO E EDUCAÇÃO POLÍTICA - FUNDAÇÃO PARTIDÁRIA
BR,MDB,MOVIMENTO DEMOCRÁTICO BRASILEIRO,FUNDAÇÃO ULYSSES GUIMARÃES NACIONAL,2018-01-30,1382522.52,FUNDAÇÃO DE PESQUISA OU DE DOUTRINAÇÃO E EDUCAÇÃO POLÍTICA - FUNDAÇÃO PARTIDÁRIA
BR,PDT,PARTIDO DEMOCRÁTICO TRABALHISTA,PRODUÇÃO E CONSULTORIA MARKETING PUBLICITARIO,2018-06-08,1365000,PROPAGANDA E PUBLICIDADE - ORDINÁRIAS
BR,PDT,PARTIDO DEMOCRÁTICO TRABALHISTA,PRODUÇÃO E CONSULTORIA MARKETING PUBLICITARIO,2018-07-11,1365000,PRODUÇÃO DE AUDIOVISUAIS - ORDINÁRIAS
BR,PDT,PARTIDO DEMOCRÁTICO TRABALHISTA,PRODUÇÃO E CONSULTORIA MARKETING PUBLICITARIO,2018-05-18,1365000,PROPAGANDA E PUBLICIDADE - ORDINÁRIAS
BR,PSDB,PARTIDO DA SOCIAL DEMOCRACIA BRASILEIRA,INSTITUTO TEOTONIO VILELA,2018-01-31,1329355.22,FUNDAÇÃO DE PESQUISA OU DE DOUTRINAÇÃO E EDUCAÇÃO POLÍTICA - FUNDAÇÃO PARTIDÁRIA
CE,PT,PARTIDO DOS TRABALHADORES,MR FILMES EIRELI EPP,2018-07-31,200000,PROPAGANDA E PUBLICIDADE - ORDINÁRIAS
CE,PT,PARTIDO DOS TRABALHADORES,MR FILMES EIRELI EPP,2018-08-03,200000,PROPAGANDA E PUBLICIDADE - ORDINÁRIAS
CE,PROS,PARTIDO REPUBLICANO DA ORDEM SOCIAL,THIAGO CARVALHO ASSESSORIA JURIDICA E LESGILATIVA EIRELI - ME,2018-04-18,150000,SERVIÇOS TÉCNICO-PROFISSIONAIS - SERVIÇOS DE CONSULTORIA JURÍDICA - ORDINÁRIAS
CE,PSDB,PARTIDO DA SOCIAL DEMOCRACIA BRASILEIRA,PELICANO PRODUTORA EIRELI ME,2018-06-11,150000,PRODUÇÃO DE AUDIOVISUAIS - ORDINÁRIAS
CE,PSDB,PARTIDO DA SOCIAL DEMOCRACIA BRASILEIRA,PELICANO PRODUTORA EIRELI ME,2018-07-02,150000,PRODUÇÃO DE AUDIOVISUAIS - ORDINÁRIAS
CE,PT,PARTIDO DOS TRABALHADORES,MR FILMES EIRELI EPP,2018-08-27,150000,PROPAGANDA E PUBLICIDADE - ORDINÁRIAS
CE,PDT,PARTIDO DEMOCRÁTICO TRABALHISTA,VOX DO BRASIL PESQUISAS E PARTICIPACOES  LTDA,2018-07-19,141454,PESQUISAS E TESTES DE OPINIÃO PÚBLICA - ORDINÁRIAS
CE,PT,PARTIDO DOS TRABALHADORES,NOVO HORIZONTE JACAREPAGUA IMPORT E EXPORT LTDA,2018-08-20,125000,ALUGUÉIS E CONDOMÍNIOS - LOCAÇÃO DE BENS MÓVEIS - ORDINÁRIAS
CE,PDT,PARTIDO DEMOCRÁTICO TRABALHISTA,TAM AVIACAO EXECUTIVA E TAXI AEREO S/A,2018-04-09,124760.2,TRANSPORTES E VIAGENS - FRETAMENTO DE AERONAVES - ORDINÁRIAS
CE,PDT,PARTIDO DEMOCRÁTICO TRABALHISTA,TAM AVIACAO EXECUTIVA E TAXI AEREO S/A,2018-01-31,110561,TRANSPORTES E VIAGENS - FRETAMENTO DE AERONAVES - ORDINÁRIAS
DF,MDB,MOVIMENTO DEMOCRÁTICO BRASILEIRO,BANCO DO BRASIL S/A,2018-04-12,163503.98,DEPÓSITOS RESTITUÍVEIS E VALORES VINCULADOS - DEPÓSITOS JUDICIAIS
DF,MDB,MOVIMENTO DEMOCRÁTICO BRASILEIRO,BANCO DO BRASIL S/A,2018-03-13,163503.98,DEPÓSITOS RESTITUÍVEIS E VALORES VINCULADOS - DEPÓSITOS JUDICIAIS
DF,PSB,PARTIDO SOCIALISTA BRASILEIRO,"O & P BRASIL, OPINIÃO, ANÁLISE, ESTRATÉGIA, S/C LTDA",2018-06-04,100000,PESQUISAS E TESTES DE OPINIÃO PÚBLICA - ORDINÁRIAS
DF,PSB,PARTIDO SOCIALISTA BRASILEIRO,GABRIELA ROLLEMBERG ADVOCACIA,2018-07-20,100000,SERVIÇOS TÉCNICO-PROFISSIONAIS - SERVIÇOS DE CONSULTORIA JURÍDICA - ORDINÁRIAS
DF,PSB,PARTIDO SOCIALISTA BRASILEIRO,CONTEÚDO COMUNICAÇÃO E MARKETING LTDA,2018-07-31,100000,PROPAGANDA E PUBLICIDADE - ORDINÁRIAS
DF,PL,PARTIDO LIBERAL,FPD FORNECEDORA DE PAPEL E DERIVADOS EIRELI ME,2018-06-25,94900,MATERIAL DE CONSUMO - MATERIAIS IMPRESSOS - ORDINÁRIAS
DF,PROS,PARTIDO REPUBLICANO DA ORDEM SOCIAL,SCORPION SERVIÇOS PROFISSIONAIS DE INFORMAÇÕES LTDA - ME,2018-05-02,93000,SERVIÇOS TÉCNICO-PROFISSIONAIS - OUTROS SERVIÇOS TÉCNICOS E PROFISSIONAIS - ORDINÁRIAS
DF,PROS,PARTIDO REPUBLICANO DA ORDEM SOCIAL,SCORPION SERVIÇOS PROFISSIONAIS DE INFORMAÇÕES LTDA - ME,2018-06-11,91000,SERVIÇOS TÉCNICO-PROFISSIONAIS - OUTROS SERVIÇOS TÉCNICOS E PROFISSIONAIS - ORDINÁRIAS
DF,PROS,PARTIDO REPUBLICANO DA ORDEM SOCIAL,SCORPION SERVIÇOS PROFISSIONAIS DE INFORMAÇÕES LTDA - ME,2018-07-05,90000,SERVIÇOS TÉCNICO-PROFISSIONAIS - OUTROS SERVIÇOS TÉCNICOS E PROFISSIONAIS - ORDINÁRIAS
DF,REPUBLICANOS,REPUBLICANOS,GUIMARÃES PESQUISAS E CONSULTORIA LTDA,2018-07-10,65695,PESQUISAS E TESTES DE OPINIÃO PÚBLICA - ORDINÁRIAS
ES,PP,PROGRESSISTAS,MEGA COMERCIO E SERVIÇOS LTDA ME,2018-09-20,188920,SERVIÇOS TÉCNICO-PROFISSIONAIS - OUTROS SERVIÇOS TÉCNICOS E PROFISSIONAIS - ORDINÁRIAS
ES,PSDB,PARTIDO DA SOCIAL DEMOCRACIA BRASILEIRA,FLUID MARKETING STUDIO EIRELI,2018-12-04,165000,PROPAGANDA E PUBLICIDADE - ORDINÁRIAS
ES,PP,PROGRESSISTAS,MEGA COMERCIO E SERVIÇOS LTDA ME,2018-09-04,103080,SERVIÇOS TÉCNICO-PROFISSIONAIS - OUTROS SERVIÇOS TÉCNICOS E PROFISSIONAIS - ORDINÁRIAS
ES,PSB,PARTIDO SOCIALISTA BRASILEIRO,D.J. BRANDY,2018-07-30,75080,SERVIÇOS TÉCNICO-PROFISSIONAIS - ENCARGOS SOCIAIS - ORDINÁRIAS
ES,PSB,PARTIDO SOCIALISTA BRASILEIRO,D.J. BRANDY,2018-06-20,46925,SERVIÇOS TÉCNICO-PROFISSIONAIS - OUTROS SERVIÇOS TÉCNICOS E PROFISSIONAIS - ORDINÁRIAS
ES,PSDB,PARTIDO DA SOCIAL DEMOCRACIA BRASILEIRA,CASAMARELA COMUNICAÇÃO INTEGRADA LTDA ME,2018-08-03,35000,PROPAGANDA E PUBLICIDADE - ORDINÁRIAS
ES,MDB,MOVIMENTO DEMOCRÁTICO BRASILEIRO,PREFEITURA MUNICIPAL DE VITORIA,2018-06-01,30648.49,TRIBUTOS - TAXAS - ORDINÁRIAS
ES,MDB,MOVIMENTO DEMOCRÁTICO BRASILEIRO,GRAFICA E EDITORA CANELA VERDE,2018-01-25,22640,MATERIAL DE CONSUMO - MATERIAIS IMPRESSOS - ORDINÁRIAS
ES,PT,PARTIDO DOS TRABALHADORES,CROMA PRODUÇÕES AUDIOVISUAIS LTDA - EPP,2017-12-31,22000,PRODUÇÃO DE AUDIOVISUAIS - ORDINÁRIAS
ES,PP,PROGRESSISTAS,LUCIANO CEOTTO SOCIEDADE INDIVIDUAL DE ADVOCACIA,2018-09-11,21180,SERVIÇOS TÉCNICO-PROFISSIONAIS - SERVIÇOS DE CONSULTORIA JURÍDICA - ORDINÁRIAS
GO,PSB,PARTIDO SOCIALISTA BRASILEIRO,VIJOY FILMES EIRELI,2018-11-14,285465,PRODUÇÃO DE AUDIOVISUAIS - ORDINÁRIAS
GO,PT,PARTIDO DOS TRABALHADORES,JUSTIÇA,2018-02-26,155398.18,DESPESAS JUDICIAIS - ORDINÁRIAS
GO,PSB,PARTIDO SOCIALISTA BRASILEIRO,SOLIDA COMUNICAÇÃO VISUAL LTDA,2018-09-18,108000.04,MATERIAL DE CONSUMO - MATERIAIS IMPRESSOS - ORDINÁRIAS
GO,PT,PARTIDO DOS TRABALHADORES,JAIRO PEREIRA DE OLIVEIRA,2018-08-14,97200,TRANSPORTES E VIAGENS - OUTRAS DESPESAS COM TRANSPORTES E VIAGENS - ORDINÁRIAS
GO,PSB,PARTIDO SOCIALISTA BRASILEIRO,SOLIDA COMUNICAÇÃO VISUAL LTDA,2018-09-18,92000,MATERIAL DE CONSUMO - MATERIAIS IMPRESSOS - MULHERES
GO,PTB,PARTIDO TRABALHISTA BRASILEIRO,DADOS PESQUISAS CONSULTORIA E MARKETING EIRELI,2018-12-07,80000,PESQUISAS E TESTES DE OPINIÃO PÚBLICA - ORDINÁRIAS
GO,PROS,PARTIDO REPUBLICANO DA ORDEM SOCIAL,MA INDUSTRIA COMERCIO E SERVIÇOS EIRELI,2018-08-30,75000,OUTRAS DESPESAS GERAIS - ORDINÁRIAS
GO,PSB,PARTIDO SOCIALISTA BRASILEIRO,LOURDES VAZ DOS SANTOS,2018-12-10,70000,MATERIAL DE CONSUMO - MATERIAIS IMPRESSOS - ORDINÁRIAS
GO,PSDB,PARTIDO DA SOCIAL DEMOCRACIA BRASILEIRA,RADIO E TV CANTAGALO LTDA-ME,2018-02-26,70000,RÁDIO E TELEVISÃO - ORDINÁRIAS
GO,PSDB,PARTIDO DA SOCIAL DEMOCRACIA BRASILEIRA,RC SERVIÇOS AEREOS ESPECIALIZADOS LTDA,2018-01-30,69300,TRANSPORTES E VIAGENS - FRETAMENTO DE AERONAVES - ORDINÁRIAS
MA,REPUBLICANOS,REPUBLICANOS,J R PEREIRA CONSTRUÇÕES E COMERCIO,2018-08-16,1300000,ATIVO PERMANENTE - BENS IMÓVEIS - EDIFICAÇÕES
MA,PDT,PARTIDO DEMOCRÁTICO TRABALHISTA,BANCO DO BRASIL,2018-06-15,121436.84,DEPÓSITOS RESTITUÍVEIS E VALORES VINCULADOS - DEPÓSITOS JUDICIAIS
MA,MDB,MOVIMENTO DEMOCRÁTICO BRASILEIRO,BACANGA SONORIZAÇÃO E TRANSPORTE LTDA,2018-07-18,120000,EVENTOS PROMOCIONAIS - ORDINÁRIAS
MA,REPUBLICANOS,REPUBLICANOS,A C OLIVEIRA DA COSTA ME,2018-08-13,95000,PROPAGANDA E PUBLICIDADE - MULHERES
MA,PDT,PARTIDO DEMOCRÁTICO TRABALHISTA,CONSTRUTORA QUADRANTE EIRELI,2018-08-13,80102.37,"MANUTENÇÃO, CONSERVAÇÃO E REPAROS DE BENS - ORDINÁRIAS"
MA,DEM,DEMOCRATAS,OPNIAO PU-R N BRITO LIMA,2018-09-05,68000,PESQUISAS E TESTES DE OPINIÃO PÚBLICA - ORDINÁRIAS
MA,PSDB,PARTIDO DA SOCIAL DEMOCRACIA BRASILEIRA,MSP EMPREENDIMENTOS LTDA-ME,2018-06-15,65900,EVENTOS PROMOCIONAIS - ORDINÁRIAS
MA,PDT,PARTIDO DEMOCRÁTICO TRABALHISTA,VIACOM NEXT GENERATION COMUNICAÇÃO LTDA,2018-08-09,56700,TELECOMUNICAÇÕES E INTERNET - ORDINÁRIAS
MA,PSB,PARTIDO SOCIALISTA BRASILEIRO,JOSE R VIEIRA,2018-09-04,52878.37,DESPESAS FINANCEIRAS - OUTRAS DESPESAS FINANCEIRAS
MA,DEM,DEMOCRATAS,G E PRACIANO,2018-08-03,50000,EVENTOS PROMOCIONAIS - ORDINÁRIAS
MS,MDB,MOVIMENTO DEMOCRÁTICO BRASILEIRO,A. F. BARBOSA & CIA LTDA - ME,2018-02-14,259000,PESQUISAS E TESTES DE OPINIÃO PÚBLICA - ORDINÁRIAS
MS,MDB,MOVIMENTO DEMOCRÁTICO BRASILEIRO,A. F. BARBOSA & CIA LTDA - ME,2018-03-15,200000,PESQUISAS E TESTES DE OPINIÃO PÚBLICA - ORDINÁRIAS
MS,PSDB,PARTIDO DA SOCIAL DEMOCRACIA BRASILEIRA,IBOPE INTELIGENCIA PESQUISA E CONSULTORIA LTDA,2018-03-16,102000,PESQUISAS E TESTES DE OPINIÃO PÚBLICA - ORDINÁRIAS
MS,PSDB,PARTIDO DA SOCIAL DEMOCRACIA BRASILEIRA,IBOPE INTELIGENCIA PESQUISA E CONSULTORIA LTDA,2018-03-16,102000,PESQUISAS E TESTES DE OPINIÃO PÚBLICA - ORDINÁRIAS
MS,PSDB,PARTIDO DA SOCIAL DEMOCRACIA BRASILEIRA,IBOPE INTELIGENCIA PESQUISA E CONSULTORIA LTDA,2018-03-07,100000,PESQUISAS E TESTES DE OPINIÃO PÚBLICA - ORDINÁRIAS
MS,PSDB,PARTIDO DA SOCIAL DEMOCRACIA BRASILEIRA,IBOPE INTELIGENCIA PESQUISA E CONSULTORIA LTDA,2018-03-07,100000,PESQUISAS E TESTES DE OPINIÃO PÚBLICA - ORDINÁRIAS
MS,PSDB,PARTIDO DA SOCIAL DEMOCRACIA BRASILEIRA,IBOPE INTELIGENCIA PESQUISA E CONSULTORIA LTDA,2018-07-19,94100,PESQUISAS E TESTES DE OPINIÃO PÚBLICA - ORDINÁRIAS
MS,PT,PARTIDO DOS TRABALHADORES,BANCO CENTRAL DO BRASIL - BACENJUD,2018-10-01,76693.22,DESPESAS JUDICIAIS - ORDINÁRIAS
MS,PSDB,PARTIDO DA SOCIAL DEMOCRACIA BRASILEIRA,IBOPE INTELIGENCIA PESQUISA E CONSULTORIA LTDA,2018-08-08,67450,PESQUISAS E TESTES DE OPINIÃO PÚBLICA - ORDINÁRIAS
MS,PSDB,PARTIDO DA SOCIAL DEMOCRACIA BRASILEIRA,IBOPE INTELIGENCIA PESQUISA E CONSULTORIA LTDA,2018-08-08,67450,PESQUISAS E TESTES DE OPINIÃO PÚBLICA - ORDINÁRIAS
MT,PTB,PARTIDO TRABALHISTA BRASILEIRO,Direção Municipal/Comissão Provisória - MDB - CUIABÁ - MT,2018-03-06,230000,TRANSFERÊNCIAS FINANCEIRAS EFETUADAS - FUNDO PARTIDÁRIO - DIREÇÃO MUNICIPAL - ORDINÁRIAS
MT,PODE,PODEMOS,LIDER TAXI AEREO S/A - AIR BRASIL,2018-10-12,226331.3,TRANSPORTES E VIAGENS - FRETAMENTO DE AERONAVES - ORDINÁRIAS
MT,PODE,PODEMOS,LIDER TAXI AEREO S/A - AIR BRASIL,2018-10-30,200047.1,TRANSPORTES E VIAGENS - FRETAMENTO DE AERONAVES - ORDINÁRIAS
MT,PTB,PARTIDO TRABALHISTA BRASILEIRO,Direção Municipal/Comissão Provisória - MDB - CUIABÁ - MT,2018-02-02,200000,TRANSFERÊNCIAS FINANCEIRAS EFETUADAS - FUNDO PARTIDÁRIO - DIREÇÃO MUNICIPAL - ORDINÁRIAS
MT,PTB,PARTIDO TRABALHISTA BRASILEIRO,Direção Municipal/Comissão Provisória - MDB - CUIABÁ - MT,2018-01-16,199000,TRANSFERÊNCIAS FINANCEIRAS EFETUADAS - FUNDO PARTIDÁRIO - DIREÇÃO MUNICIPAL - ORDINÁRIAS
MT,PTB,PARTIDO TRABALHISTA BRASILEIRO,Direção Municipal/Comissão Provisória - MDB - CUIABÁ - MT,2018-04-02,125000,TRANSFERÊNCIAS FINANCEIRAS EFETUADAS - FUNDO PARTIDÁRIO - DIREÇÃO MUNICIPAL - ORDINÁRIAS
MT,PODE,PODEMOS,MINAS LOCADORA DE VEICULOS E MAQUINAS LTDA - ME,2018-12-20,124800,ALUGUÉIS E CONDOMÍNIOS - LOCAÇÃO DE BENS IMÓVEIS - ORDINÁRIAS
MT,DEM,DEMOCRATAS,GPP PLANEJAMENTO E PESQUISA LTDA,2018-06-25,84000,PESQUISAS E TESTES DE OPINIÃO PÚBLICA - ORDINÁRIAS
MT,DEM,DEMOCRATAS,"SANTIAGO - INFORMAÇÃO, DADOS E AÇÃO INSTITUCIONAL EIRELI",2018-08-09,82500,PESQUISAS E TESTES DE OPINIÃO PÚBLICA - ORDINÁRIAS
MT,DEM,DEMOCRATAS,"SANTIAGO - INFORMAÇÃO, DADOS E AÇÃO INSTITUCIONAL EIRELI",2018-07-16,82500,PESQUISAS E TESTES DE OPINIÃO PÚBLICA - ORDINÁRIAS
PA,REPUBLICANOS,REPUBLICANOS,R R CHEVROLET,2018-07-19,103000,ATIVO PERMANENTE - BENS MÓVEIS - VEÍCULOS
PA,PSOL,PARTIDO SOCIALISMO E LIBERDADE,Direção Municipal/Comissão Provisória - PSOL - BELÉM - PA,2018-02-07,80000,TRANSFERÊNCIAS FINANCEIRAS EFETUADAS - FUNDO PARTIDÁRIO - DIREÇÃO MUNICIPAL - ORDINÁRIAS
PA,PT,PARTIDO DOS TRABALHADORES,INSTITUTO NACIONAL DO SEGURO SOCIAL,2018-01-01,62856.44,PESSOAL - PREVIDÊNCIA SOCIAL - ORDINÁRIAS
PA,PSDB,PARTIDO DA SOCIAL DEMOCRACIA BRASILEIRA,CIRCULO ENGENHARIA LTDA,2018-04-26,58311.11,ATIVO PERMANENTE - BENS IMÓVEIS - EDIFICAÇÕES
PA,PT,PARTIDO DOS TRABALHADORES,UIRAPURU TURISMO LTDA,2018-05-17,45189.14,TRANSPORTES E VIAGENS - PASSAGENS AÉREAS - ORDINÁRIAS
PA,PSDB,PARTIDO DA SOCIAL DEMOCRACIA BRASILEIRA,PEMA PEREIRA MACHADO TAXI AEREO,2018-07-09,43000,TRANSPORTES E VIAGENS - FRETAMENTO DE AERONAVES - ORDINÁRIAS
PA,PT,PARTIDO DOS TRABALHADORES,UIRAPURU TURISMO LTDA,2018-03-01,40000,TRANSPORTES E VIAGENS - PASSAGENS AÉREAS - ORDINÁRIAS
PA,PSD,PARTIDO SOCIAL DEMOCRÁTICO,ANNA'S SERVIÇOS E COMÉRCIO LTDA,2018-09-24,39804,MATERIAL DE CONSUMO - MATERIAIS IMPRESSOS - ORDINÁRIAS
PA,PSB,PARTIDO SOCIALISTA BRASILEIRO,UNICA IMPRESSÃO DIGITAL E GRAFICA EIRELLI,2018-04-10,30000,MATERIAL DE CONSUMO - MATERIAIS IMPRESSOS - ORDINÁRIAS
PA,PSB,PARTIDO SOCIALISTA BRASILEIRO,UNICA IMPRESSÃO DIGITAL E GRAFICA EIRELLI,2018-06-28,30000,MATERIAL DE CONSUMO - MATERIAIS IMPRESSOS - ORDINÁRIAS
PB,PSDB,PARTIDO DA SOCIAL DEMOCRACIA BRASILEIRA,RANGEL E DANIANE ADVOCACIA,2018-08-15,300000,SERVIÇOS TÉCNICO-PROFISSIONAIS - SERVIÇOS DE CONSULTORIA JURÍDICA - ORDINÁRIAS
PB,PT,PARTIDO DOS TRABALHADORES,LIAMARA BORRELLI BARROS,2017-12-31,100000,ATIVO PERMANENTE - BENS IMÓVEIS - EDIFICAÇÕES
PB,PSB,PARTIDO SOCIALISTA BRASILEIRO,PARTIDO SOCIALISTA BRASILEIRO- DIREÇÃO NACIONAL,2018-08-15,100000,ADIANTAMENTOS DIVERSOS - OUTROS ADIANTAMENTOS DIVERSOS
PB,MDB,MOVIMENTO DEMOCRÁTICO BRASILEIRO,OPINIÃO PESQUISAS SOCIAIS LTDA,2018-09-04,59100,PESQUISAS E TESTES DE OPINIÃO PÚBLICA - ORDINÁRIAS
PB,PT,PARTIDO DOS TRABALHADORES,MINISTERIO DA FAZENDA,2017-12-31,49384.5,TRIBUTOS - TAXAS - ORDINÁRIAS
PB,PSB,PARTIDO SOCIALISTA BRASILEIRO,PRATICA SINALIZAÇÃO LTDA,2018-09-13,48980,MATERIAL DE CONSUMO - MATERIAIS IMPRESSOS - ORDINÁRIAS
PB,PSDB,PARTIDO DA SOCIAL DEMOCRACIA BRASILEIRA,SECRETARIA DA RECEITA FEDERAL DO BRASIL,2018-08-08,46104.22,PESSOAL - FGTS - ORDINÁRIAS
PB,PDT,PARTIDO DEMOCRÁTICO TRABALHISTA,MERCADOLOGICA SOLUÇÕES EM PESQUISA INTELIGENCIA E MARKETING EIRELI ME,2018-03-01,44100,PESQUISAS E TESTES DE OPINIÃO PÚBLICA - ORDINÁRIAS
PB,PSB,PARTIDO SOCIALISTA BRASILEIRO,WELL CAR COMISSARIA DE VEICULOS LTDA - EPP,2018-09-11,40000,ALUGUÉIS E CONDOMÍNIOS - LOCAÇÃO DE BENS MÓVEIS - ORDINÁRIAS
PB,PTB,PARTIDO TRABALHISTA BRASILEIRO,NOGUEIRA FORMIGA ADVOGADOS ASSOCIADOS,2018-12-05,35000,SERVIÇOS TÉCNICO-PROFISSIONAIS - SERVIÇOS DE CONSULTORIA JURÍDICA - ORDINÁRIAS
PE,PSB,PARTIDO SOCIALISTA BRASILEIRO,NEO MARKETING SPE LTDA,2018-08-28,250000,PROPAGANDA E PUBLICIDADE - MULHERES
PE,MDB,MOVIMENTO DEMOCRÁTICO BRASILEIRO,ADVOCACIA LUCIANA LOSSIO,2018-03-16,117000.12,SERVIÇOS TÉCNICO-PROFISSIONAIS - SERVIÇOS DE CONSULTORIA JURÍDICA - ORDINÁRIAS
PE,PSDB,PARTIDO DA SOCIAL DEMOCRACIA BRASILEIRA,EMPRESA BRASILEIRA DE PROPAGANDA LTDA,2018-08-03,115000,SERVIÇOS TÉCNICO-PROFISSIONAIS - OUTROS SERVIÇOS TÉCNICOS E PROFISSIONAIS - ORDINÁRIAS
PE,PSDB,PARTIDO DA SOCIAL DEMOCRACIA BRASILEIRA,Direção Municipal/Comissão Provisória - PSDB - JABOATÃO DOS GUARARAPES - PE,2018-06-27,100000,TRANSFERÊNCIAS FINANCEIRAS EFETUADAS - FUNDO PARTIDÁRIO - DIREÇÃO MUNICIPAL - ORDINÁRIAS
PE,PSB,PARTIDO SOCIALISTA BRASILEIRO,PARTIDO SOCIALISTA BRASILEIRO - DIRETÓRIO NACIONAL,2018-01-17,70960.18,OUTRAS DESPESAS GERAIS - ORDINÁRIAS
PE,MDB,MOVIMENTO DEMOCRÁTICO BRASILEIRO,"NEVES, COUTINHO E ADVOGADOS ASSOCIADOS",2018-03-05,60000,SERVIÇOS TÉCNICO-PROFISSIONAIS - SERVIÇOS DE CONSULTORIA JURÍDICA - ORDINÁRIAS
PE,PSB,PARTIDO SOCIALISTA BRASILEIRO,URSO FILMES EIRELI,2018-08-09,60000,SERVIÇOS TÉCNICO-PROFISSIONAIS - OUTROS SERVIÇOS TÉCNICOS E PROFISSIONAIS - ORDINÁRIAS
PE,PTB,PARTIDO TRABALHISTA BRASILEIRO,MARCIO ALVES ADVOGADOS ASSOCIADOS,2018-08-23,60000,OUTROS ORDINÁRIAS
PE,DEM,DEMOCRATAS,OPNUS ESTRATEGIA PESQUISA DE OPNIÃO E MERCADO EIRELI,2018-09-11,50000,PESQUISAS E TESTES DE OPINIÃO PÚBLICA - ORDINÁRIAS
PE,PL,PARTIDO LIBERAL,UNIPAUTA FORMULARIOS LTDA,2018-06-29,50000,CONGRESSOS - MULHERES
PI,PL,PARTIDO LIBERAL,Direção Municipal/Comissão Provisória - PR - TERESINA - PI,2018-07-11,200000,TRANSFERÊNCIAS FINANCEIRAS EFETUADAS - FUNDO PARTIDÁRIO - DIREÇÃO MUNICIPAL - ORDINÁRIAS
PI,PTB,PARTIDO TRABALHISTA BRASILEIRO,HORIZONTE INTELIGENCIA PESQUISA LTDA,2018-09-28,103750,PESQUISAS E TESTES DE OPINIÃO PÚBLICA - ORDINÁRIAS
PI,PDT,PARTIDO DEMOCRÁTICO TRABALHISTA,FLAVIO RODRIGUES NOGUEIRA,2018-09-10,100000,TRANSFERÊNCIAS EFETUADAS - ASSUNÇÃO DE OBRIGAÇÕES - RECURSOS ESTIMÁVEIS EM DINHEIRO CANDIDATO
PI,PL,PARTIDO LIBERAL,MULTIPLA EVENTOS MARKETING E CONS EMPRESARIAL EIRELI,2018-10-31,80000,EVENTOS PROMOCIONAIS - MULHERES
PI,PL,PARTIDO LIBERAL,SAMUEL BAHIA NOVAIS,2018-06-13,70000,EVENTOS PROMOCIONAIS - ORDINÁRIAS
PI,PTB,PARTIDO TRABALHISTA BRASILEIRO,HORIZONTE INTELIGENCIA PESQUISA LTDA,2018-10-05,70000,PESQUISAS E TESTES DE OPINIÃO PÚBLICA - ORDINÁRIAS
PI,PDT,PARTIDO DEMOCRÁTICO TRABALHISTA,FLAVIO RODRIGUES NOGUEIRA,2018-09-28,66500,TRANSFERÊNCIAS EFETUADAS - ASSUNÇÃO DE OBRIGAÇÕES - RECURSOS ESTIMÁVEIS EM DINHEIRO CANDIDATO
PI,PP,PROGRESSISTAS,FABIO ALENCAR LUZ- ME,2018-07-26,62500,ATIVO PERMANENTE - BENS MÓVEIS - EQUIPAMENTOS DE SONORIZAÇÃO
PI,PP,PROGRESSISTAS,WASHINGTON L DE S BONFIM EIRELI - ME,2018-08-01,60000,SERVIÇOS TÉCNICO-PROFISSIONAIS - OUTROS SERVIÇOS TÉCNICOS E PROFISSIONAIS - ORDINÁRIAS
PI,PDT,PARTIDO DEMOCRÁTICO TRABALHISTA,JOVENILIA ALVES OLIVEIRA,2018-09-13,58500,TRANSFERÊNCIAS EFETUADAS - ASSUNÇÃO DE OBRIGAÇÕES - RECURSOS ESTIMÁVEIS EM DINHEIRO CANDIDATO
PR,PSL,PARTIDO SOCIAL LIBERAL,PH EVENTOS E LOCAÇÃO DE MÃO DE OBRA LTDA,2018-07-03,150000,PESSOAL - OUTRAS DESPESAS COM PESSOAL - ORDINÁRIAS
PR,PSD,PARTIDO SOCIAL DEMOCRÁTICO,Direção Municipal/Comissão Provisória - PSD - MARINGÁ - PR,2018-03-22,147000,TRANSFERÊNCIAS FINANCEIRAS EFETUADAS - FUNDO PARTIDÁRIO - DIREÇÃO MUNICIPAL - ORDINÁRIAS
PR,PSD,PARTIDO SOCIAL DEMOCRÁTICO,Direção Municipal/Comissão Provisória - PSD - ROLÂNDIA - PR,2018-03-05,147000,TRANSFERÊNCIAS FINANCEIRAS EFETUADAS - FUNDO PARTIDÁRIO - DIREÇÃO MUNICIPAL - ORDINÁRIAS
PR,PT,PARTIDO DOS TRABALHADORES,BANCO DO BRASIL S/A,2018-09-19,145143,ADIANTAMENTOS DIVERSOS - OUTROS ADIANTAMENTOS DIVERSOS
PR,SDD,SOLIDARIEDADE,SERZEGRAF INDUSTRIA EDITORA GRÁFICA LTDA,2018-01-12,130350,PUBLICAÇÕES - ORDINÁRIAS
PR,SDD,SOLIDARIEDADE,PH EVENTOS E LOCAÇÃO DE MÃO DE OBRA LTDA,2018-01-24,109689.25,EVENTOS PROMOCIONAIS - ORDINÁRIAS
PR,PSDB,PARTIDO DA SOCIAL DEMOCRACIA BRASILEIRA,Direção Nacional - PSDB,2018-08-13,100000,TRANSFERÊNCIAS FINANCEIRAS EFETUADAS - FUNDO PARTIDÁRIO - DIREÇÃO NACIONAL - ORDINÁRIAS
PR,SDD,SOLIDARIEDADE,IRMÃOS MADALOSSO LTDA,2018-01-10,92720,EVENTOS PROMOCIONAIS - ORDINÁRIAS
PR,PT,PARTIDO DOS TRABALHADORES,COSTA SERVIÇOS DE RECEPÇÃO PERSONALIZADA - EIRELE - EPP,2018-07-01,89600,SEGURANÇA E VIGILÂNCIA - ORDINÁRIAS
PR,PT,PARTIDO DOS TRABALHADORES,COSTA SERVIÇOS DE RECEPÇÃO PERSONALIZADA - EIRELE - EPP,2018-08-29,80940,SEGURANÇA E VIGILÂNCIA - ORDINÁRIAS
RJ,DEM,DEMOCRATAS,Direção Municipal/Comissão Provisória - DC - VALENÇA - RJ,2018-03-06,301400,TRANSFERÊNCIAS FINANCEIRAS EFETUADAS - FUNDO PARTIDÁRIO - DIREÇÃO MUNICIPAL - ORDINÁRIAS
RJ,PL,PARTIDO LIBERAL,BANCO DO BRASIL S.A.,2018-07-18,292864.48,DEPÓSITOS RESTITUÍVEIS E VALORES VINCULADOS - DEPÓSITOS JUDICIAIS
RJ,PP,PROGRESSISTAS,PROSYNC PRODUÇÕES AUDIOVISUAIS LTDA,2018-09-28,260000,PROPAGANDA E PUBLICIDADE - ORDINÁRIAS
RJ,PT,PARTIDO DOS TRABALHADORES,EDITORA LIVRE CULTURA LTDA - EPP,2017-12-31,200000,DESPESAS JUDICIAIS - ORDINÁRIAS
RJ,PDT,PARTIDO DEMOCRÁTICO TRABALHISTA,EDIGRÁFICA - GRÁFICA E EDITORA LTDA.,2018-08-20,130000,MATERIAL DE CONSUMO - MATERIAIS IMPRESSOS - ORDINÁRIAS
RJ,PSOL,PARTIDO SOCIALISMO E LIBERDADE,E MELO J DURAES S CASTRO ADVOGADAS,2018-09-05,100000,SERVIÇOS TÉCNICO-PROFISSIONAIS - SERVIÇOS DE CONSULTORIA JURÍDICA - ORDINÁRIAS
RJ,PSC,PARTIDO SOCIAL CRISTÃO,REIS CONSULTORIA AUDITORIA AUDITORES INDEPENDENTES MM,2018-09-06,93850,SERVIÇOS TÉCNICO-PROFISSIONAIS - SERVIÇOS CONTÁBEIS - ORDINÁRIAS
RJ,PSC,PARTIDO SOCIAL CRISTÃO,CENTRAL DO BRASIL PRODUÇÕES LTDA,2017-12-31,89000,PRODUÇÃO DE AUDIOVISUAIS - ORDINÁRIAS
RJ,PSB,PARTIDO SOCIALISTA BRASILEIRO,PRO-EMPRESA INFORMÁTICA EIRELI,2018-08-02,78178.07,SERVIÇOS TÉCNICO-PROFISSIONAIS - OUTROS SERVIÇOS TÉCNICOS E PROFISSIONAIS - ORDINÁRIAS
RJ,PSC,PARTIDO SOCIAL CRISTÃO,ATHIAS SERVIÇOS DE COMUNICAÇÃO LTDA ME,2018-06-01,73000,SERVIÇOS TÉCNICO-PROFISSIONAIS - OUTROS SERVIÇOS TÉCNICOS E PROFISSIONAIS - ORDINÁRIAS
RN,PL,PARTIDO LIBERAL,ROSSITER ROCHA E CAPISTRANO ADVOGADOS,2017-12-31,204000,OUTRAS DESPESAS GERAIS - ORDINÁRIAS
RN,MDB,MOVIMENTO DEMOCRÁTICO BRASILEIRO,PROF EZEQUIAS PEGADO CORTEZ CONSULTORIA,2018-01-02,152524,SERVIÇOS TÉCNICO-PROFISSIONAIS - SERVIÇOS DE CONSULTORIA JURÍDICA - ORDINÁRIAS
RN,PSB,PARTIDO SOCIALISTA BRASILEIRO,ERIVALDO TRINDADE DE ARAUJO ME,2018-08-29,72000,PESQUISAS E TESTES DE OPINIÃO PÚBLICA - ORDINÁRIAS
RN,DEM,DEMOCRATAS,Direção Nacional - DEM,2018-09-21,70000,TRANSFERÊNCIAS FINANCEIRAS EFETUADAS - FUNDO PARTIDÁRIO - DIREÇÃO NACIONAL - ORDINÁRIAS
RN,PL,PARTIDO LIBERAL,"VALOREM - ESTUDOS, ESTRATEGIA, GESTÃO E NEGOCIOS LTDA",2018-08-10,70000,OUTROS ORDINÁRIAS
RN,MDB,MOVIMENTO DEMOCRÁTICO BRASILEIRO,JURANDIR DOS SANTOS,2018-01-02,69000,SERVIÇOS TÉCNICO-PROFISSIONAIS - OUTROS SERVIÇOS TÉCNICOS E PROFISSIONAIS - ORDINÁRIAS
RN,PODE,PODEMOS,RODRIGO NASCIMENTO DANTAS,2018-01-02,65000,SERVIÇOS TÉCNICO-PROFISSIONAIS - SERVIÇOS CONTÁBEIS - ORDINÁRIAS
RN,PL,PARTIDO LIBERAL,PRISMA CARTUCHO COMERCIO E SERVIÇOS DE INFORMÁTICA LTDA,2018-04-27,57980,MATERIAL DE CONSUMO - OUTROS MATERIAIS DE CONSUMO - ORDINÁRIAS
RN,PSD,PARTIDO SOCIAL DEMOCRÁTICO,GUIMARAES PESQUISAS E CONSULTORIA LTDA,2018-03-23,52500,PESQUISAS E TESTES DE OPINIÃO PÚBLICA - ORDINÁRIAS
RN,PP,PROGRESSISTAS,Direção Municipal/Comissão Provisória - PP - MOSSORÓ - RN,2018-09-05,52000,TRANSFERÊNCIAS FINANCEIRAS EFETUADAS - FUNDO PARTIDÁRIO - DIREÇÃO MUNICIPAL - ORDINÁRIAS
RO,REPUBLICANOS,REPUBLICANOS,NELSON CANEDO ADVOGADOS ASSOCIADOS,2018-10-04,100000,SERVIÇOS TÉCNICO-PROFISSIONAIS - SERVIÇOS DE CONSULTORIA JURÍDICA - MULHERES
RO,PT,PARTIDO DOS TRABALHADORES,CONTAGEM CONTABILIDADE,2018-12-31,96054,SERVIÇOS TÉCNICO-PROFISSIONAIS - SERVIÇOS CONTÁBEIS - ORDINÁRIAS
RO,MDB,MOVIMENTO DEMOCRÁTICO BRASILEIRO,CAMILO DE SOUZA PIMENTEL,2018-04-30,70000,SERVIÇOS TÉCNICO-PROFISSIONAIS - SERVIÇOS CONTÁBEIS - ORDINÁRIAS
RO,REPUBLICANOS,REPUBLICANOS,W. G. DOS SANTOS - ME,2018-08-27,66000,MATERIAL DE CONSUMO - MATERIAIS IMPRESSOS - MULHERES
RO,PSB,PARTIDO SOCIALISTA BRASILEIRO,CONTAGEM CONTABILIDADE,2018-12-31,61236.51,OUTRAS DESPESAS GERAIS - ORDINÁRIAS
RO,MDB,MOVIMENTO DEMOCRÁTICO BRASILEIRO,"IHPEC - INSTITUTO HAVERROTH DE POLITICA, ESTATÍSTICA E COMUNICAÇÃO",2018-05-09,50000,PESQUISAS E TESTES DE OPINIÃO PÚBLICA - ORDINÁRIAS
RO,PL,PARTIDO LIBERAL,"IHPEC - INSTITUTO HAVERROTH DE POLITICA, ESTATÍSTICA E COMUNICAÇÃO LTDA - ME.",2018-03-10,50000,SERVIÇOS TÉCNICO-PROFISSIONAIS - OUTROS SERVIÇOS TÉCNICOS E PROFISSIONAIS - ORDINÁRIAS
RO,PSB,PARTIDO SOCIALISTA BRASILEIRO,CONTAGEM CONTABILIDADE,2018-12-31,49112.37,PESSOAL - OUTRAS DESPESAS COM PESSOAL - ORDINÁRIAS
RO,PSB,PARTIDO SOCIALISTA BRASILEIRO,CONTAGEM CONTABILIDADE,2018-12-31,48200,SERVIÇOS TÉCNICO-PROFISSIONAIS - OUTROS SERVIÇOS TÉCNICOS E PROFISSIONAIS - ORDINÁRIAS
RO,PTB,PARTIDO TRABALHISTA BRASILEIRO,RODA VIVA INDUSTRIA GRÁFICA E EDITORA EIRELLI,2018-07-10,42060,MATERIAL DE CONSUMO - MATERIAIS IMPRESSOS - ORDINÁRIAS
RR,REPUBLICANOS,REPUBLICANOS,Direção Estadual/Distrital - PSL - RORAIMA,2018-08-30,500000,TRANSFERÊNCIAS FINANCEIRAS EFETUADAS - FUNDO PARTIDÁRIO - DIREÇÃO ESTADUAL - ORDINÁRIAS
RR,REPUBLICANOS,REPUBLICANOS,MADALHANO & NUNES LTDA,2018-08-07,200000,PROPAGANDA E PUBLICIDADE - ORDINÁRIAS
RR,MDB,MOVIMENTO DEMOCRÁTICO BRASILEIRO,SEMALO COMBUSTÍVEIS LTDA,2017-12-31,110865,"TRANSPORTES E VIAGENS - COMBUSTÍVEIS, ÓLEOS E LUBRIFICANTES - ORDINÁRIAS"
RR,PP,PROGRESSISTAS,TARP TÁXI AÉREO LTDA. EPP,2018-07-03,107548.5,TRANSPORTES E VIAGENS - FRETAMENTO DE AERONAVES - ORDINÁRIAS
RR,PP,PROGRESSISTAS,TARP TÁXI AÉREO LTDA. EPP,2018-03-19,97559,TRANSPORTES E VIAGENS - FRETAMENTO DE AERONAVES - ORDINÁRIAS
RR,REPUBLICANOS,REPUBLICANOS,F M HOLANDA EIRELI-ME,2018-08-09,69950,PROPAGANDA E PUBLICIDADE - ORDINÁRIAS
RR,MDB,MOVIMENTO DEMOCRÁTICO BRASILEIRO,SEMALO COMBUSTÍVEIS LTDA,2017-12-31,64185,"TRANSPORTES E VIAGENS - COMBUSTÍVEIS, ÓLEOS E LUBRIFICANTES - ORDINÁRIAS"
RR,REPUBLICANOS,REPUBLICANOS,Direção Municipal/Comissão Provisória - PRB - BOA VISTA - RR,2018-10-04,56000,TRANSFERÊNCIAS FINANCEIRAS EFETUADAS - FUNDO PARTIDÁRIO - DIREÇÃO MUNICIPAL - ORDINÁRIAS
RR,REPUBLICANOS,REPUBLICANOS,FORBRAS RORAIMA LTDA,2018-05-21,55390,MATERIAIS PARA COMERCIALIZAÇÃO / DISTRIBUIÇÃO - ORDINÁRIAS
RR,REPUBLICANOS,REPUBLICANOS,F DA S. RABELO EPP,2018-09-06,50000,PESQUISAS E TESTES DE OPINIÃO PÚBLICA - ORDINÁRIAS
RS,PT,PARTIDO DOS TRABALHADORES,INSTITUTO NACIONAL DE SEGURIDADE SOCIAL - INSS,2017-12-31,1305188.22,PESSOAL - PREVIDÊNCIA SOCIAL - ORDINÁRIAS
RS,PT,PARTIDO DOS TRABALHADORES,INSTITUTO NACIONAL DE SEGURIDADE SOCIAL - INSS,2017-12-31,655617.51,PESSOAL - PREVIDÊNCIA SOCIAL - ORDINÁRIAS
RS,PT,PARTIDO DOS TRABALHADORES,SECRETARIA DA RECEITA FEDERAL DO BRASIL,2017-12-31,315169.06,PESSOAL - IRRF - ORDINÁRIAS
RS,PT,PARTIDO DOS TRABALHADORES,PROCURADORIA GERAL DA FAZENDA NACIONAL - PGFN,2017-12-31,278063.32,PESSOAL - IRRF - ORDINÁRIAS
RS,PSDB,PARTIDO DA SOCIAL DEMOCRACIA BRASILEIRA,FABER PUBLICIDADE LTDA,2018-04-15,264000,OUTRAS DESPESAS COM PROPAGANDA DOUTRINÁRIA E POLÍTICA - ORDINÁRIAS
RS,PT,PARTIDO DOS TRABALHADORES,SECRETARIA DA RECEITA FEDERAL DO BRASIL,2017-12-31,231210.95,PESSOAL - IRRF - ORDINÁRIAS
RS,PT,PARTIDO DOS TRABALHADORES,SECRETARIA DA RECEITA FEDERAL DO BRASIL,2017-12-31,154088.47,PESSOAL - PREVIDÊNCIA SOCIAL - ORDINÁRIAS
RS,PPS,PARTIDO POPULAR SOCIALISTA,ERES EMPREENDIMENTOS E IMÓVEIS LTDA.,2017-12-31,111150.14,ALUGUÉIS E CONDOMÍNIOS - LOCAÇÃO DE BENS IMÓVEIS - ORDINÁRIAS
RS,MDB,MOVIMENTO DEMOCRÁTICO BRASILEIRO,ADVOCACIA GERAL DA UNIAO ,2018-06-12,100866.97,DESPESAS JUDICIAIS - ORDINÁRIAS
RS,PSDB,PARTIDO DA SOCIAL DEMOCRACIA BRASILEIRA,MOREIRA - CONCEITO EM COMUNICAÇÃO,2018-04-15,100000,OUTRAS DESPESAS COM PROPAGANDA DOUTRINÁRIA E POLÍTICA - ORDINÁRIAS
SC,PSD,PARTIDO SOCIAL DEMOCRÁTICO,CINNEMA PRODUÇÕES DE FILMES EIRLI,2018-10-09,662500,OUTRAS DESPESAS COM PROPAGANDA DOUTRINÁRIA E POLÍTICA - MULHERES
SC,PSD,PARTIDO SOCIAL DEMOCRÁTICO,CINNEMA PRODUÇÕES DE FILMES EIRLI,2018-09-04,519000,OUTRAS DESPESAS COM PROPAGANDA DOUTRINÁRIA E POLÍTICA - MULHERES
SC,PSD,PARTIDO SOCIAL DEMOCRÁTICO,CENTROSIGNS - COMUNICAÇÃO VISUAL LTDA.,2018-09-18,390000,OUTRAS DESPESAS COM PROPAGANDA DOUTRINÁRIA E POLÍTICA - MULHERES
SC,PSD,PARTIDO SOCIAL DEMOCRÁTICO,BIGUA COMPLEMENTOS PARA O LAR LTDA.,2018-09-18,252000,OUTRAS DESPESAS COM PROPAGANDA DOUTRINÁRIA E POLÍTICA - MULHERES
SC,PSDB,PARTIDO DA SOCIAL DEMOCRACIA BRASILEIRA,ENGENHARIA DE EVENTOS EIRELI,2018-08-14,180763.85,CONVENÇÕES PARTIDÁRIAS - ORDINÁRIAS
SC,MDB,MOVIMENTO DEMOCRÁTICO BRASILEIRO,METRONORTE COMERCIAL DE VEÍCULOS LTDA,2018-05-24,150000,ATIVO PERMANENTE - BENS MÓVEIS - VEÍCULOS
SC,PSD,PARTIDO SOCIAL DEMOCRÁTICO,HEADLINE PRODUÇÕES LTDA.,2018-09-05,100000,OUTRAS DESPESAS COM PROPAGANDA DOUTRINÁRIA E POLÍTICA - MULHERES
SC,PSD,PARTIDO SOCIAL DEMOCRÁTICO,IQUALY - TEC. EM PESQ. E H. DE CONSUMO EIRELI,2018-09-20,100000,OUTRAS DESPESAS COM PROPAGANDA DOUTRINÁRIA E POLÍTICA - MULHERES
SC,PT,PARTIDO DOS TRABALHADORES,SETCOM,2018-07-27,100000,PRODUÇÃO DE AUDIOVISUAIS - ORDINÁRIAS
SC,PSD,PARTIDO SOCIAL DEMOCRÁTICO,MENEZES NIEBUHR ADVOGADOS ASSOCIADOS,2018-10-26,95000,SERVIÇOS TÉCNICO-PROFISSIONAIS - SERVIÇOS DE CONSULTORIA JURÍDICA - MULHERES
SE,PSB,PARTIDO SOCIALISTA BRASILEIRO,R 5 COMUNICAÇÃO & MARKETING - EIRELI - EPP,2018-08-28,206400,PROPAGANDA E PUBLICIDADE - MULHERES
SE,PSB,PARTIDO SOCIALISTA BRASILEIRO,R 5 COMUNICAÇÃO & MARKETING - EIRELI - EPP,2018-09-24,180000,RÁDIO E TELEVISÃO - MULHERES
SE,PSB,PARTIDO SOCIALISTA BRASILEIRO,ALTO PADRÃO SERVIÇOS GRÁFICOS LTDA,2018-09-26,138450,PROPAGANDA E PUBLICIDADE - MULHERES
SE,PT,PARTIDO DOS TRABALHADORES,BANESE BANCO DO ESTADO DE SERGIPE,2018-07-17,99673.92,DEPÓSITOS RESTITUÍVEIS E VALORES VINCULADOS - DEPÓSITOS JUDICIAIS
SE,PSB,PARTIDO SOCIALISTA BRASILEIRO,Direção Municipal/Comissão Provisória - PSB - ARACAJU - SE,2018-04-20,80000,TRANSFERÊNCIAS FINANCEIRAS EFETUADAS - FUNDO PARTIDÁRIO - DIREÇÃO MUNICIPAL - ORDINÁRIAS
SE,PSB,PARTIDO SOCIALISTA BRASILEIRO,R 5 COMUNICAÇÃO & MARKETING - EIRELI - EPP,2018-07-19,72000,PROPAGANDA E PUBLICIDADE - ORDINÁRIAS
SE,REPUBLICANOS,REPUBLICANOS,ANDREA E ROMERO GRAFICA E COMERCIO LTDA,2018-10-17,64375,MATERIAL DE CONSUMO - MATERIAIS IMPRESSOS - ORDINÁRIAS
SE,MDB,MOVIMENTO DEMOCRÁTICO BRASILEIRO,PADRAO PESQUISA CIENTIFICAS LTDA,2018-07-06,60000,SERVIÇOS TÉCNICO-PROFISSIONAIS - OUTROS SERVIÇOS TÉCNICOS E PROFISSIONAIS - ORDINÁRIAS
SE,PT,PARTIDO DOS TRABALHADORES,BANESE BANCO DO ESTADO DE SERGIPE,2018-09-10,57630.17,DEPÓSITOS RESTITUÍVEIS E VALORES VINCULADOS - DEPÓSITOS JUDICIAIS
SE,PT,PARTIDO DOS TRABALHADORES,BANESE BANCO DO ESTADO DE SERGIPE,2018-07-17,52573.65,DEPÓSITOS RESTITUÍVEIS E VALORES VINCULADOS - DEPÓSITOS JUDICIAIS
SP,PSDB,PARTIDO DA SOCIAL DEMOCRACIA BRASILEIRA,NOVA ESTRATEGIA COMUNICACAO LTDA.,2018-07-03,1000000,SERVIÇOS TÉCNICO-PROFISSIONAIS - OUTROS SERVIÇOS TÉCNICOS E PROFISSIONAIS - ORDINÁRIAS
SP,PSB,PARTIDO SOCIALISTA BRASILEIRO,Direção Municipal/Comissão Provisória - PSB - SÃO VICENTE - SP,2018-02-01,900000,TRANSFERÊNCIAS FINANCEIRAS EFETUADAS - FUNDO PARTIDÁRIO - DIREÇÃO MUNICIPAL - ORDINÁRIAS
SP,PSB,PARTIDO SOCIALISTA BRASILEIRO,PSB DIRETORIO MUNICIPAL DE SAO VICENTE,2018-03-12,750000,OUTRAS DESPESAS GERAIS - ORDINÁRIAS
SP,DEM,DEMOCRATAS,Direção Municipal/Comissão Provisória - DEM - SÃO PAULO - SP,2018-07-19,600000,TRANSFERÊNCIAS FINANCEIRAS EFETUADAS - FUNDO PARTIDÁRIO - DIREÇÃO MUNICIPAL - ORDINÁRIAS
SP,PL,PARTIDO LIBERAL,Direção Nacional - PR,2018-10-05,600000,TRANSFERÊNCIAS FINANCEIRAS EFETUADAS - FUNDO PARTIDÁRIO - DIREÇÃO NACIONAL - ORDINÁRIAS
SP,PSDB,PARTIDO DA SOCIAL DEMOCRACIA BRASILEIRA,NOVA ESTRATEGIA COMUNICACAO LTDA.,2018-08-03,470000,CONVENÇÕES PARTIDÁRIAS - ORDINÁRIAS
SP,MDB,MOVIMENTO DEMOCRÁTICO BRASILEIRO,POENTE COMUNICACAO LTDA ME,2018-07-05,450000,OUTROS ORDINÁRIAS
SP,MDB,MOVIMENTO DEMOCRÁTICO BRASILEIRO,POENTE COMUNICACAO LTDA ME,2018-07-06,450000,OUTROS ORDINÁRIAS
SP,MDB,MOVIMENTO DEMOCRÁTICO BRASILEIRO,CONCEPTUAL CONSULTORIA EIRELI,2018-07-05,420000,OUTROS ORDINÁRIAS
SP,SDD,SOLIDARIEDADE,CENTRO DE ESTUDOS DE DIREITO PUBLICO - CEDP,2018-07-18,267472.5,SERVIÇOS TÉCNICO-PROFISSIONAIS - OUTROS SERVIÇOS TÉCNICOS E PROFISSIONAIS - ORDINÁRIAS
TO,PSB,PARTIDO SOCIALISTA BRASILEIRO,MANZANO SOCIEDADE INDIVIDUAL DE ADVOCACIA-EIRELI,2018-04-26,150000,SERVIÇOS TÉCNICO-PROFISSIONAIS - SERVIÇOS DE CONSULTORIA JURÍDICA - ORDINÁRIAS
TO,PL,PARTIDO LIBERAL,MOREIRA E NOLETO LTDA ME,2018-04-12,100000,PESQUISAS E TESTES DE OPINIÃO PÚBLICA - ORDINÁRIAS
TO,PL,PARTIDO LIBERAL,MOREIRA E NOLETO LTDA ME,2018-03-06,95000,PESQUISAS E TESTES DE OPINIÃO PÚBLICA - ORDINÁRIAS
TO,PL,PARTIDO LIBERAL,MOREIRA E NOLETO LTDA ME,2018-05-08,95000,PESQUISAS E TESTES DE OPINIÃO PÚBLICA - ORDINÁRIAS
TO,PL,PARTIDO LIBERAL,MOREIRA E NOLETO LTDA ME,2018-02-07,78000,PESQUISAS E TESTES DE OPINIÃO PÚBLICA - ORDINÁRIAS
TO,PL,PARTIDO LIBERAL,MOREIRA E NOLETO LTDA ME,2018-08-03,70000,PESQUISAS E TESTES DE OPINIÃO PÚBLICA - ORDINÁRIAS
TO,SDD,SOLIDARIEDADE,"INSTITUTO GAUSS DE PESQ SOCIAIS, ECON. E DE OPINIÃO PUBL LT",2018-06-11,55000,PESQUISAS E TESTES DE OPINIÃO PÚBLICA - ORDINÁRIAS
TO,PL,PARTIDO LIBERAL,MOREIRA E NOLETO LTDA ME,2018-07-09,50000,PESQUISAS E TESTES DE OPINIÃO PÚBLICA - ORDINÁRIAS
TO,PL,PARTIDO LIBERAL,VICENTE ALVES DE OLIVEIRA,2018-12-28,46800,TRANSPORTES E VIAGENS - FRETAMENTO DE AERONAVES - ORDINÁRIAS
TO,PT,PARTIDO DOS TRABALHADORES,RENAULT DO BRASIL  SA,2018-05-24,41063,ATIVO PERMANENTE - BENS MÓVEIS - VEÍCULOS
